FromDiversityJobFairID,Salary,Termd,Position,State,Sex,MaritalDesc,CitizenDesc,HispanicLatino,RaceDesc,Department,RecruitmentSource,PerformanceScore,EngagementSurvey,EmpSatisfaction,SpecialProjectsCount,DaysLateLast30,Absences,Internal_Transfer_Request,Feedback_RH,Age,TenureYears,DaysSinceLastReview
0,62506,0,Production Technician I,MA,M ,Single,US Citizen,No,White,Production       ,LinkedIn,Exceeds,4.6,5,0,0,1,,,42,14.7,2615
0,104437,1,Sr. DBA,MA,M ,Married,US Citizen,No,White,IT/IS,Indeed,Fully Meets,4.96,3,6,0,17,,My decision to leave is driven by a professional transition into a completely different field. I have no particular criticism of the organization. The team atmosphere was positive and the assignments were interesting.,50,10.96,3673
0,64955,1,Production Technician II,MA,F,Married,US Citizen,No,White,Production       ,LinkedIn,Fully Meets,3.02,3,0,0,3,,"After careful consideration, I decided to change my career path. The company provided a pleasant work environment and I am grateful to my manager for their support. I leave without any hard feelings, simply to pursue a personal project I have been passionate about for a long time.",37,14.7,5053
0,64991,0,Production Technician I,MA,F,Married,US Citizen,No,White,Production       ,Indeed,Fully Meets,4.84,5,0,0,15,"I am requesting a transfer to the Sales department. My experience in Production has given me an in-depth knowledge of our products, an asset I would like to put at the service of business development.",,37,18.19,2629
0,50825,1,Production Technician I,MA,F,Divorced,US Citizen,No,White,Production       ,Google Search,Fully Meets,5.0,4,0,0,2,,My decision to leave is driven by a professional transition into a completely different field. I have no particular criticism of the organization. The team atmosphere was positive and the assignments were interesting.,36,14.68,3696
0,57568,0,Production Technician I,MA,F,Single,US Citizen,No,White,Production       ,LinkedIn,Exceeds,5.0,5,0,0,15,,I feel valued in my role and my contributions are recognized. The work environment is healthy and collaborative. I would recommend this company as an excellent employer.,48,14.18,2625
0,95660,0,Software Engineer,MA,F,Single,US Citizen,No,White,Software Engineering,LinkedIn,Fully Meets,3.04,3,4,0,19,,,46,11.35,2630
0,59365,0,Production Technician I,MA,M ,Widowed,US Citizen,No,White,Production       ,Employee Referral,Fully Meets,5.0,4,0,0,19,,,43,12.46,2576
1,47837,0,Production Technician I,MA,F,Single,US Citizen,No,Black or African American,Production       ,Diversity Job Fair,Fully Meets,4.46,3,0,0,4,,I am having a very positive professional experience. The company's values align with mine and I feel connected to our mission. I would like more internal mobility options to build a cross-functional career path.,56,16.69,2607
0,50178,0,IT Support,MA,M ,Divorced,US Citizen,No,White,IT/IS,Indeed,Fully Meets,5.0,5,6,0,16,I would like to join the Software Engineering team to focus on the development of internal solutions. My infrastructure background would allow me to bring a valuable perspective on application architecture.,,38,11.19,2583
1,54670,1,Production Technician I,MA,F,Married,US Citizen,Yes,Black or African American,Production       ,Diversity Job Fair,Fully Meets,4.2,4,0,0,12,,I am leaving for a management position I was unable to obtain here due to lack of availability. My manager was supportive throughout the process. The lack of upward mobility remains my main regret about my experience here.,52,15.18,3698
1,47211,1,Production Technician I,MA,M ,Married,US Citizen,Yes,Black or African American,Production       ,Diversity Job Fair,Fully Meets,4.2,3,0,0,15,,I am leaving due to a fundamental disagreement with the management direction of my team. The work environment deteriorated progressively and my feedback was not taken into account. I recommend improving the way employee voices are heard.,52,13.95,3601
1,92328,0,Data Analyst,TX,M ,Divorced,US Citizen,No,Black or African American,IT/IS,Diversity Job Fair,Exceeds,4.28,4,5,0,9,I would like to join the Software Engineering team to focus on the development of internal solutions. My infrastructure background would allow me to bring a valuable perspective on application architecture.,,37,11.35,2576
0,58709,0,Production Technician I,MA,M ,Single,US Citizen,No,Two or more races,Production       ,Google Search,Fully Meets,4.6,4,0,0,7,"I am requesting a transfer to the Sales department. My experience in Production has given me an in-depth knowledge of our products, an asset I would like to put at the service of business development.",,42,14.07,2587
0,52505,1,Production Technician I,MA,M ,Divorced,US Citizen,No,White,Production       ,On-line Web application,Fully Meets,5.0,5,0,0,1,,"An external opportunity perfectly aligned with my career aspirations came up. I wished I could have found that path internally, but available positions did not match my profile. I hope clearer career trajectories will be defined in the future.",48,13.47,3301
0,57834,1,Production Technician I,MA,M ,Single,US Citizen,No,White,Production       ,Google Search,Fully Meets,5.0,4,0,0,20,,I acknowledge that my repeated absences contributed to the termination of my contract. Personal difficulties impacted my reliability. I hope my past contributions will be remembered positively.,44,15.06,3267
0,70131,0,Production Technician II,MA,F,Married,US Citizen,No,White,Production       ,Employee Referral,Exceeds,4.4,3,0,0,16,,,59,9.65,2618
0,59026,0,Production Technician I,MA,F,Single,Eligible NonCitizen,No,White,Production       ,Google Search,Fully Meets,5.0,5,0,0,12,,"I am satisfied with my working conditions. The workload can be intense during peak periods, but the team pulls together well. Close management is a real strength of our department.",55,14.95,2618
0,110000,1,Database Administrator,MA,F,Single,US Citizen,Yes,White,IT/IS,Google Search,Fully Meets,4.5,4,5,0,8,,"I understand the reasons that led to the end of my contract. I acknowledge not having met the set objectives, partly due to a lack of coaching and training. I would have appreciated a more structured improvement plan.",39,11.69,4078
0,53250,0,Production Technician I,MA,M ,Single,US Citizen,No,Asian,Production       ,LinkedIn,Fully Meets,4.2,4,0,0,13,I would like to move into a role within IT/IS. I have built strong foundations in connected equipment maintenance on the production line and wish to deepen these skills in a dedicated role.,,46,12.69,2621
0,51044,0,Production Technician I,MA,M ,Single,US Citizen,Yes,White,Production       ,Google Search,Fully Meets,5.0,3,0,0,13,,I am about 70% satisfied. Relationships with my colleagues are excellent but I struggle with a lack of clarity regarding my annual objectives. Better-defined OKRs would help me focus my efforts.,55,13.95,2618
0,64919,0,Production Technician I,MA,F,Divorced,US Citizen,No,Asian,Production       ,Indeed,Fully Meets,4.2,3,0,0,2,,I am generally happy at work. The projects are ambitious and motivating. I believe the company should invest more in continuous learning to remain competitive.,67,12.57,2622
0,62910,0,Production Technician I,MA,F,Married,US Citizen,No,White,Production       ,Indeed,Exceeds,5.0,3,0,0,19,,,36,11.69,2574
0,66441,0,Production Technician II,MA,F,Single,US Citizen,No,White,Production       ,CareerBuilder,Needs Improvement,2.0,3,0,2,3,,,35,14.95,2574
0,57815,1,Production Technician II,MA,F,Single,US Citizen,No,White,Production       ,Google Search,Fully Meets,4.8,5,0,0,5,,I am leaving the company to launch my own venture. This decision is personal and is not related to any dissatisfaction at work. I would happily recommend the company to job seekers.,59,15.18,4395
0,103613,1,Enterprise Architect,CT,M ,Single,US Citizen,No,Black or African American,IT/IS,LinkedIn,Fully Meets,3.5,5,7,0,2,,"After careful consideration, I decided to change my career path. The company provided a pleasant work environment and I am grateful to my manager for their support. I leave without any hard feelings, simply to pursue a personal project I have been passionate about for a long time.",61,12.07,3718
1,106367,0,Sr. Accountant,MA,F,Married,US Citizen,No,Black or African American,Admin Offices,Diversity Job Fair,Fully Meets,5.0,4,3,0,4,,I am very engaged in my role and proud to be part of this organization. Team spirit and solidarity among colleagues are undeniable strengths. I have no plans to leave the company in the near term.,38,11.08,2583
0,74312,1,Production Manager,MA,M ,Single,US Citizen,No,Asian,Production       ,Indeed,Fully Meets,3.39,3,0,0,14,,It is with mixed emotions that I leave the company to begin my retirement. These years have been rich in human connections and learning experiences. I wish the entire team all the best going forward.,56,12.46,4407
0,53492,1,Production Technician I,MA,F,Married,US Citizen,No,White,Production       ,Google Search,Fully Meets,3.35,4,0,0,6,,"The external opportunity I have been offered involves full remote work, which fits my current lifestyle. Additionally, the project I will be working on is more closely aligned with my skills and ambitions.",35,13.95,4760
1,63000,0,Accountant I,MA,F,Married,US Citizen,No,Black or African American,Admin Offices,Diversity Job Fair,Fully Meets,4.5,2,6,0,14,I am requesting to join the Sales team in order to leverage my analytics and reporting skills in support of business development. This change represents a career growth opportunity aligned with my ambitions.,,38,17.38,2617
0,65288,0,Production Technician II,MA,M ,Single,US Citizen,No,White,Production       ,Google Search,Fully Meets,3.19,3,0,0,9,,,42,11.46,2600
1,64375,0,Production Technician I,MA,F,Separated,US Citizen,No,Black or African American,Production       ,Diversity Job Fair,Fully Meets,3.5,5,0,0,17,,,56,12.34,2611
0,74326,1,Area Sales Manager,VA,F,Married,Eligible NonCitizen,No,Black or African American,Sales,Google Search,Fully Meets,3.14,5,0,1,19,,"I received a job offer with a significantly higher salary and expanded responsibilities. Despite my attachment to the team, I could not turn down this opportunity. I regret that the internal compensation policy did not allow for a matching counter-offer.",61,14.58,4782
0,63763,0,Production Technician II,MA,F,Single,US Citizen,No,Black or African American,Production       ,Employee Referral,Fully Meets,4.51,4,0,0,3,"I am requesting a transfer to the Sales department. My experience in Production has given me an in-depth knowledge of our products, an asset I would like to put at the service of business development.",,46,14.03,2580
0,62162,0,Production Technician II,MA,M ,Married,US Citizen,No,White,Production       ,Indeed,Fully Meets,3.25,5,0,0,15,,I am generally happy at work. The projects are ambitious and motivating. I believe the company should invest more in continuous learning to remain competitive.,48,14.95,2618
0,77692,0,Software Engineering Manager,MA,M ,Single,US Citizen,No,White,Software Engineering,Google Search,Fully Meets,3.84,3,5,0,4,I would like to express my interest in an R&D position within Production. I believe my software development expertise can contribute to the automation of production lines.,,59,14.58,2611
0,72640,0,Production Manager,MA,M ,Single,US Citizen,No,White,Production       ,Indeed,Exceeds,5.0,3,0,0,14,"Following my project management training, I would like to join the Admin Offices department to contribute to the optimization of internal workflows. I remain available to ensure a smooth handover for my current role.",,42,10.13,2579
0,93396,0,Software Engineer,MA,F,Single,US Citizen,No,White,Software Engineering,Indeed,Fully Meets,4.96,4,6,0,3,I would like to join the IT/IS team to take on infrastructure and DevOps projects. This move aligns with my recent upskilling in continuous deployment tools.,,38,12.34,2602
0,52846,0,Production Technician I,MA,M ,Single,US Citizen,No,Black or African American,Production       ,LinkedIn,Fully Meets,4.43,3,0,0,14,"Following my project management training, I would like to join the Admin Offices department to contribute to the optimization of internal workflows. I remain available to ensure a smooth handover for my current role.",,43,11.96,2600
0,100031,0,Sr. DBA,MA,F,Single,US Citizen,No,Black or African American,IT/IS,LinkedIn,Fully Meets,5.0,5,6,0,7,I would like to join the Software Engineering team to focus on the development of internal solutions. My infrastructure background would allow me to bring a valuable perspective on application architecture.,,39,9.71,2583
0,71860,0,Area Sales Manager,VT,F,Single,US Citizen,No,White,Sales,Indeed,Fully Meets,5.0,5,0,0,7,,,62,11.58,2611
0,61656,0,Production Technician I,MA,F,Single,US Citizen,No,White,Production       ,Google Search,Fully Meets,5.0,4,0,0,11,I would like to request a transfer to the IT/IS department in order to better leverage the process automation skills I have developed over the past few years. I am confident this transition would allow me to bring significant added value to the company.,,75,11.46,2589
0,110929,0,BI Director,MA,M ,Married,US Citizen,No,White,IT/IS,Indeed,Fully Meets,4.5,5,7,0,8,,,54,9.52,2617
0,54237,0,Production Technician I,MA,F,Single,US Citizen,No,White,Production       ,Indeed,Fully Meets,3.3,4,0,0,11,,The company culture is positive and inclusive. I feel respected and integrated. My main wish is to see mentoring programs developed to support the growth of new hires.,47,11.84,2582
0,60380,0,Production Technician I,MA,M ,Single,US Citizen,No,White,Production       ,LinkedIn,Fully Meets,3.8,5,0,0,4,"After 4 years in Production, I would like to express my interest in joining the Software Engineering team. I have completed several software development courses alongside my duties and am ready to take on this new challenge.",,42,12.69,2618
0,66808,0,Area Sales Manager,TX,M ,Single,Eligible NonCitizen,No,Black or African American,Sales,Employee Referral,Fully Meets,3.0,5,0,0,17,,The position fits well with my skills and I enjoy a good level of autonomy. The company would benefit from implementing a more flexible remote work policy to improve employee well-being.,55,13.84,2613
0,64786,1,Production Technician I,MA,F,Single,US Citizen,No,White,Production       ,Indeed,Fully Meets,4.3,4,0,0,3,,"I am leaving the company for family reasons that require relocating to another region. With no option for full remote work, I have no choice but to resign. I regret not being able to continue this journey.",42,14.72,4024
0,64816,0,Production Technician I,MA,F,Single,Non-Citizen,No,Black or African American,Production       ,Indeed,Fully Meets,3.58,5,0,0,3,,I am about 70% satisfied. Relationships with my colleagues are excellent but I struggle with a lack of clarity regarding my annual objectives. Better-defined OKRs would help me focus my efforts.,37,14.45,2602
0,68678,0,IT Support,MA,M ,Single,US Citizen,No,White,IT/IS,Indeed,Fully Meets,4.7,3,6,0,2,,"My satisfaction level is moderate. While the assignments are interesting, I feel a lack of regular feedback from my manager. More frequent one-on-ones would be beneficial.",40,13.52,2574
0,64066,1,Production Technician II,MA,F,Married,US Citizen,No,White,Production       ,Google Search,Fully Meets,4.2,5,0,0,9,,I am leaving due to a fundamental disagreement with the management direction of my team. The work environment deteriorated progressively and my feedback was not taken into account. I recommend improving the way employee voices are heard.,44,14.83,5065
0,59369,1,Production Technician II,MA,M ,Married,US Citizen,No,White,Production       ,Indeed,Fully Meets,4.2,4,0,0,6,,"After careful consideration, I decided to change my career path. The company provided a pleasant work environment and I am grateful to my manager for their support. I leave without any hard feelings, simply to pursue a personal project I have been passionate about for a long time.",47,15.54,5430
0,50373,0,Production Technician I,MA,M ,Married,US Citizen,No,White,Production       ,Employee Referral,Exceeds,4.1,4,0,0,5,"After 4 years in Production, I would like to express my interest in joining the Software Engineering team. I have completed several software development courses alongside my duties and am ready to take on this new challenge.",,45,9.69,2573
0,63108,0,Production Technician I,MA,M ,Single,US Citizen,No,White,Production       ,Employee Referral,Fully Meets,4.4,5,0,0,3,,,48,12.69,2618
0,59144,1,Production Technician I,MA,M ,Single,US Citizen,No,Black or African American,Production       ,LinkedIn,Needs Improvement,2.0,3,0,5,16,,"I understand the reasons that led to the end of my contract. I acknowledge not having met the set objectives, partly due to a lack of coaching and training. I would have appreciated a more structured improvement plan.",46,14.68,3606
0,68051,0,Production Manager,MA,M ,Divorced,US Citizen,No,White,Production       ,CareerBuilder,Needs Improvement,4.13,2,0,3,3,,,50,15.66,2618
0,170500,0,Director of Operations,MA,M ,Single,US Citizen,No,Black or African American,Production       ,Indeed,Exceeds,3.7,5,0,0,15,,,43,17.19,2597
0,63381,0,Production Technician I,MA,F,Married,US Citizen,Yes,White,Production       ,Indeed,Fully Meets,4.73,5,0,0,6,"I am requesting a transfer to the Sales department. My experience in Production has given me an in-depth knowledge of our products, an asset I would like to put at the service of business development.",,48,11.19,2587
0,83552,0,Data Analyst,MA,M ,Married,US Citizen,No,White,IT/IS,Indeed,Fully Meets,3.04,3,6,0,2,I would like to express my interest in joining the Sales team as a Sales Engineer. My technical expertise would allow me to better support clients in their technology needs.,,39,10.96,2610
0,56149,0,Production Technician I,MA,F,Single,US Citizen,No,White,Production       ,LinkedIn,Fully Meets,4.12,5,0,0,15,,,38,9.69,2604
0,92329,0,Sr. Network Engineer,CT,M ,Single,US Citizen,No,White,IT/IS,Employee Referral,Fully Meets,5.0,3,4,0,5,,,60,11.35,2630
0,65729,0,Sales Manager,VT,F,Single,US Citizen,No,White,Sales,Indeed,Fully Meets,4.62,4,0,0,8,,,35,11.86,2608
0,85028,0,Sr. Network Engineer,CT,F,Married,US Citizen,No,White,IT/IS,LinkedIn,Fully Meets,3.1,5,8,0,19,,The projects I work on are interesting but I feel a lack of communication from top management regarding the company's strategy. More transparency would be appreciated.,74,11.35,2589
0,57583,0,Production Technician I,MA,F,Married,US Citizen,No,White,Production       ,Indeed,Fully Meets,5.0,3,0,0,1,,I am generally happy at work. The projects are ambitious and motivating. I believe the company should invest more in continuous learning to remain competitive.,47,13.7,2576
0,56294,0,Production Technician II,MA,M ,Single,Eligible NonCitizen,No,Two or more races,Production       ,LinkedIn,Fully Meets,3.96,4,0,0,6,,"My satisfaction level is moderate. While the assignments are interesting, I feel a lack of regular feedback from my manager. More frequent one-on-ones would be beneficial.",46,14.35,2574
0,56991,0,Production Technician I,MA,M ,Married,US Citizen,No,White,Production       ,Indeed,Fully Meets,4.3,4,3,2,2,,,37,7.69,2601
0,55722,1,Production Technician I,MA,M ,Married,US Citizen,No,White,Production       ,Indeed,Fully Meets,5.0,4,0,0,14,,I am leaving due to a fundamental disagreement with the management direction of my team. The work environment deteriorated progressively and my feedback was not taken into account. I recommend improving the way employee voices are heard.,48,14.83,3635
0,101199,0,Software Engineer,MA,F,Single,US Citizen,No,Black or African American,Software Engineering,CareerBuilder,Fully Meets,3.79,5,5,0,8,,The company culture is positive and inclusive. I feel respected and integrated. My main wish is to see mentoring programs developed to support the growth of new hires.,46,14.18,2607
0,61568,0,Area Sales Manager,AL,M ,Single,US Citizen,No,Two or more races,Sales,Indeed,PIP,1.93,3,0,6,5,I am requesting a transfer to IT/IS in order to combine my commercial skills with a technical dimension. I have developed a growing interest in CRM solutions and sales data analytics.,,50,11.46,2602
0,58275,1,Production Technician II,MA,F,Separated,US Citizen,No,Black or African American,Production       ,Google Search,Fully Meets,4.62,5,0,0,1,,"I am leaving for better pay. It is unfortunate that the company was unable to align with market standards. That said, I want to highlight the great team spirit and quality of projects, which made my decision difficult.",75,14.95,3967
0,53189,0,Production Technician I,MA,M ,Married,US Citizen,No,White,Production       ,Indeed,PIP,1.12,2,0,4,9,"I am requesting a transfer to the Sales department. My experience in Production has given me an in-depth knowledge of our products, an asset I would like to put at the service of business development.",,58,11.69,2601
0,96820,0,BI Developer,MA,M ,Single,US Citizen,No,White,IT/IS,Indeed,Fully Meets,3.01,5,7,0,15,,I am having a very positive professional experience. The company's values align with mine and I feel connected to our mission. I would like more internal mobility options to build a cross-functional career path.,42,9.08,2609
0,51259,0,Production Technician I,MA,M ,Single,US Citizen,No,White,Production       ,Indeed,Fully Meets,4.3,4,0,0,1,,I am generally happy at work. The projects are ambitious and motivating. I believe the company should invest more in continuous learning to remain competitive.,43,11.84,2582
0,59231,0,Area Sales Manager,WA,F,Single,US Citizen,Yes,White,Sales,Website,PIP,2.3,1,0,2,17,,"My satisfaction level is moderate. While the assignments are interesting, I feel a lack of regular feedback from my manager. More frequent one-on-ones would be beneficial.",38,14.07,2603
0,61584,0,Production Technician I,MA,F,Married,US Citizen,No,Black or African American,Production       ,Indeed,Needs Improvement,3.88,4,0,0,6,,,47,13.19,2614
0,46335,0,Production Technician I,MA,F,Single,US Citizen,Yes,White,Production       ,CareerBuilder,Fully Meets,3.4,5,0,0,15,"After 4 years in Production, I would like to express my interest in joining the Software Engineering team. I have completed several software development courses alongside my duties and am ready to take on this new challenge.",,39,13.95,2582
0,70621,0,IT Support,MA,F,Married,US Citizen,No,White,IT/IS,Employee Referral,Fully Meets,4.11,4,6,0,16,I would like to join the Software Engineering team to focus on the development of internal solutions. My infrastructure background would allow me to bring a valuable perspective on application architecture.,,37,11.19,2576
0,138888,0,IT Manager - Support,MA,M ,Single,US Citizen,No,Black or African American,IT/IS,Indeed,Exceeds,4.3,5,5,0,4,I am requesting a transfer to Admin Offices to lead the digital transformation of administrative processes. This project is particularly important to me and aligns with my medium-term career goals.,,55,12.19,2628
0,74241,0,Area Sales Manager,CA,F,Single,US Citizen,No,White,Sales,Indeed,Exceeds,4.77,5,0,0,14,"Drawing on my commercial experience, I would like to join Admin Offices to contribute to strategy and operations. I believe I can bring valuable field-level insight to the management team.",,37,15.18,2605
0,75188,0,Production Manager,MA,F,Single,US Citizen,No,White,Production       ,Google Search,Fully Meets,4.52,4,0,0,4,I would like to request a transfer to the IT/IS department in order to better leverage the process automation skills I have developed over the past few years. I am confident this transition would allow me to bring significant added value to the company.,,52,11.49,2617
0,62514,0,Production Technician I,MA,F,Married,US Citizen,No,White,Production       ,Google Search,Fully Meets,2.9,3,0,0,6,,,52,15.89,2611
0,60070,1,Production Technician I,MA,F,Married,US Citizen,No,White,Production       ,Google Search,Fully Meets,5.0,3,0,0,7,,My decision to leave is driven by a professional transition into a completely different field. I have no particular criticism of the organization. The team atmosphere was positive and the assignments were interesting.,34,14.95,3263
0,48888,0,Production Technician I,MA,M ,Single,US Citizen,No,White,Production       ,LinkedIn,Fully Meets,4.7,5,0,0,8,,,51,11.35,2588
0,54285,0,Production Technician I,MA,M ,Married,US Citizen,No,White,Production       ,Employee Referral,Fully Meets,4.2,3,0,0,3,I would like to request a transfer to the IT/IS department in order to better leverage the process automation skills I have developed over the past few years. I am confident this transition would allow me to bring significant added value to the company.,,47,11.96,2621
0,56847,0,Production Technician II,MA,F,Separated,US Citizen,No,White,Production       ,Indeed,PIP,3.0,1,0,2,5,,,36,11.69,2576
0,60340,1,Production Technician I,MA,M ,Single,US Citizen,No,White,Production       ,Google Search,Needs Improvement,5.0,4,0,5,16,,I acknowledge that my repeated absences contributed to the termination of my contract. Personal difficulties impacted my reliability. I hope my past contributions will be remembered positively.,42,13.95,2895
0,59124,1,Production Technician I,MA,F,Single,US Citizen,No,White,Production       ,Google Search,Needs Improvement,2.3,3,0,5,19,,I am leaving the company to launch my own venture. This decision is personal and is not related to any dissatisfaction at work. I would happily recommend the company to job seekers.,36,12.07,3347
0,99280,1,Software Engineer,MA,F,Married,US Citizen,No,Black or African American,Software Engineering,Indeed,Needs Improvement,2.1,5,4,4,19,,I acknowledge that my repeated absences contributed to the termination of my contract. Personal difficulties impacted my reliability. I hope my past contributions will be remembered positively.,38,14.87,4966
0,71776,0,Production Technician II,MA,F,Married,US Citizen,No,Black or African American,Production       ,LinkedIn,Fully Meets,4.4,5,0,0,17,,,47,11.69,2579
0,65902,0,Production Technician II,MA,F,Single,US Citizen,No,Black or African American,Production       ,LinkedIn,Fully Meets,4.0,4,0,0,7,,I am generally satisfied with my current position. The team atmosphere is excellent and my manager is attentive. I would however appreciate more training opportunities to further develop my skills.,38,12.07,2625
0,57748,1,Production Technician I,MA,F,Married,US Citizen,No,White,Production       ,Google Search,Fully Meets,3.13,3,0,0,16,,"After careful consideration, I decided to change my career path. The company provided a pleasant work environment and I am grateful to my manager for their support. I leave without any hard feelings, simply to pursue a personal project I have been passionate about for a long time.",70,14.35,3693
0,64057,0,Production Technician I,MA,M ,Married,US Citizen,No,White,Production       ,Indeed,PIP,1.56,5,0,6,15,,The company culture is positive and inclusive. I feel respected and integrated. My main wish is to see mentoring programs developed to support the growth of new hires.,36,10.85,2629
0,53366,0,Network Engineer,MA,M ,Single,US Citizen,No,White,IT/IS,LinkedIn,PIP,1.2,3,6,3,2,I would like to join the Software Engineering team to focus on the development of internal solutions. My infrastructure background would allow me to bring a valuable perspective on application architecture.,,38,10.96,2597
0,58530,0,Production Technician I,MA,F,Married,US Citizen,No,White,Production       ,Google Search,Fully Meets,5.0,5,0,0,19,,,45,14.18,2603
0,72609,1,Production Technician II,MA,M ,Single,US Citizen,Yes,White,Production       ,Google Search,Fully Meets,4.76,5,0,0,20,,"After careful consideration, I decided to change my career path. The company provided a pleasant work environment and I am grateful to my manager for their support. I leave without any hard feelings, simply to pursue a personal project I have been passionate about for a long time.",44,14.83,4728
0,55965,1,Production Technician II,MA,F,Married,US Citizen,No,White,Production       ,Google Search,Fully Meets,3.66,3,0,0,6,,"After careful consideration, I decided to change my career path. The company provided a pleasant work environment and I am grateful to my manager for their support. I leave without any hard feelings, simply to pursue a personal project I have been passionate about for a long time.",42,14.95,5182
0,70187,1,Area Sales Manager,MA,M ,Married,US Citizen,No,White,Sales,Employee Referral,PIP,2.0,5,0,4,7,,"After careful consideration, I decided to change my career path. The company provided a pleasant work environment and I am grateful to my manager for their support. I leave without any hard feelings, simply to pursue a personal project I have been passionate about for a long time.",50,11.46,2604
0,178000,0,IT Director,MA,M ,Single,US Citizen,No,Black or African American,IT/IS,Indeed,Exceeds,5.0,5,5,0,15,,The position fits well with my skills and I enjoy a good level of autonomy. The company would benefit from implementing a more flexible remote work policy to improve employee well-being.,45,14.92,2625
0,99351,0,Sr. Accountant,MA,F,Married,US Citizen,no,White,Admin Offices,Other,Fully Meets,5.0,3,2,0,3,I would like to join the IT/IS department to contribute to digital project management. My administrative background gives me a solid understanding of the organizational challenges involved in technology projects.,,46,17.19,2593
0,67251,0,Area Sales Manager,CT,M ,Single,US Citizen,No,Black or African American,Sales,CareerBuilder,Fully Meets,4.3,3,0,2,7,"Drawing on my commercial experience, I would like to join Admin Offices to contribute to strategy and operations. I believe I can bring valuable field-level insight to the management team.",,62,14.52,2605
0,65707,0,IT Support,CT,F,Single,US Citizen,No,White,IT/IS,LinkedIn,Fully Meets,4.7,4,5,0,1,,,57,15.87,2600
0,52249,0,Production Technician I,MA,M ,Single,US Citizen,Yes,White,Production       ,Employee Referral,Fully Meets,4.5,3,0,0,5,,,40,10.96,2583
0,53171,0,Production Technician I,MA,F,Single,US Citizen,Yes,Black or African American,Production       ,LinkedIn,Fully Meets,4.2,4,0,0,12,I would like to move into a role within IT/IS. I have built strong foundations in connected equipment maintenance on the production line and wish to deepen these skills in a dedicated role.,,42,14.83,2575
0,51337,0,Production Technician I,MA,F,Married,US Citizen,No,Black or African American,Production       ,LinkedIn,Fully Meets,3.73,3,0,0,19,"Following my project management training, I would like to join the Admin Offices department to contribute to the optimization of internal workflows. I remain available to ensure a smooth handover for my current role.",,35,10.96,2616
1,51505,1,Production Technician I,MA,F,Divorced,US Citizen,No,Black or African American,Production       ,Diversity Job Fair,Fully Meets,4.24,4,0,0,2,,My decision to leave is driven by a professional transition into a completely different field. I have no particular criticism of the organization. The team atmosphere was positive and the assignments were interesting.,55,14.35,3608
0,59370,1,Area Sales Manager,OH,F,Widowed,US Citizen,No,Black or African American,Sales,CareerBuilder,Fully Meets,3.97,4,0,0,7,,The attendance issues that led to my dismissal were in part connected to a work environment I found stressful. I take my share of responsibility but want to flag this context so it can be addressed.,54,11.69,4443
1,54933,1,Production Technician I,MA,M ,Married,US Citizen,No,Black or African American,Production       ,Diversity Job Fair,Needs Improvement,3.97,4,0,3,15,,"After careful consideration, I decided to change my career path. The company provided a pleasant work environment and I am grateful to my manager for their support. I leave without any hard feelings, simply to pursue a personal project I have been passionate about for a long time.",51,13.95,4073
0,57815,0,Production Technician I,MA,F,Single,US Citizen,Yes,Two or more races,Production       ,Indeed,Exceeds,3.9,4,0,0,3,,"My satisfaction level is moderate. While the assignments are interesting, I feel a lack of regular feedback from my manager. More frequent one-on-ones would be beneficial.",45,11.46,2594
0,61555,0,Area Sales Manager,IN,F,Single,US Citizen,No,White,Sales,Indeed,Fully Meets,4.5,5,0,0,20,,,36,11.08,2607
0,114800,1,Database Administrator,MA,F,Single,US Citizen,No,White,IT/IS,Indeed,Fully Meets,4.6,4,4,0,10,,"After careful consideration, I decided to change my career path. The company provided a pleasant work environment and I am grateful to my manager for their support. I leave without any hard feelings, simply to pursue a personal project I have been passionate about for a long time.",54,11.08,4073
0,74679,0,IT Support,MA,M ,Married,US Citizen,Yes,White,IT/IS,LinkedIn,Fully Meets,4.3,5,7,0,20,,The company culture is positive and inclusive. I feel respected and integrated. My main wish is to see mentoring programs developed to support the growth of new hires.,36,10.96,2622
0,53018,0,Production Technician I,MA,F,Single,US Citizen,Yes,White,Production       ,Indeed,Fully Meets,4.3,5,0,0,7,,I am generally happy at work. The projects are ambitious and motivating. I believe the company should invest more in continuous learning to remain competitive.,33,12.34,2583
1,59892,0,Production Technician I,MA,M ,Divorced,US Citizen,No,Black or African American,Production       ,Diversity Job Fair,Exceeds,4.5,4,0,0,1,,I am generally happy at work. The projects are ambitious and motivating. I believe the company should invest more in continuous learning to remain competitive.,56,14.68,2583
1,68898,1,Production Technician II,MA,M ,Married,US Citizen,No,Black or African American,Production       ,Diversity Job Fair,PIP,3.0,3,0,3,10,,I am leaving the company to launch my own venture. This decision is personal and is not related to any dissatisfaction at work. I would happily recommend the company to job seekers.,61,15.89,5489
0,61242,0,IT Support,MA,F,Separated,US Citizen,Yes,White,IT/IS,Employee Referral,Fully Meets,4.61,4,5,0,11,,I am very engaged in my role and proud to be part of this organization. Team spirit and solidarity among colleagues are undeniable strengths. I have no plans to leave the company in the near term.,44,11.19,2604
0,66825,0,Production Technician II,MA,F,Married,US Citizen,No,White,Production       ,LinkedIn,Fully Meets,4.6,3,0,0,20,,,39,11.84,2594
0,48285,0,Production Technician I,MA,M ,Married,US Citizen,No,White,Production       ,LinkedIn,Fully Meets,5.0,3,0,0,2,,I am having a very positive professional experience. The company's values align with mine and I feel connected to our mission. I would like more internal mobility options to build a cross-functional career path.,46,13.7,2618
0,66149,0,Production Technician II,MA,F,Separated,US Citizen,No,American Indian or Alaska Native,Production       ,Google Search,Fully Meets,4.4,5,0,0,1,,The projects I work on are interesting but I feel a lack of communication from top management regarding the company's strategy. More transparency would be appreciated.,42,12.46,2580
0,49256,0,Production Technician I,MA,F,Married,US Citizen,No,Asian,Production       ,LinkedIn,Fully Meets,4.1,5,0,0,3,,,51,12.57,2586
0,62957,0,Production Manager,MA,M ,Divorced,US Citizen,No,White,Production       ,Employee Referral,Fully Meets,4.63,3,0,0,2,"After 4 years in Production, I would like to express my interest in joining the Software Engineering team. I have completed several software development courses alongside my duties and am ready to take on this new challenge.",,44,10.79,2628
0,63813,1,Production Technician I,MA,F,Divorced,US Citizen,No,White,Production       ,CareerBuilder,Fully Meets,5.0,5,0,0,17,,"I am leaving for better pay. It is unfortunate that the company was unable to align with market standards. That said, I want to highlight the great team spirit and quality of projects, which made my decision difficult.",42,15.06,4669
0,99020,0,BI Developer,MA,M ,Married,US Citizen,No,Black or African American,IT/IS,Indeed,Fully Meets,4.2,5,5,0,8,I am requesting a transfer to Admin Offices to lead the digital transformation of administrative processes. This project is particularly important to me and aligns with my medium-term career goals.,,36,8.9,2604
0,71707,1,Area Sales Manager,TN,M ,Single,US Citizen,No,Two or more races,Sales,LinkedIn,Fully Meets,4.5,5,0,0,20,,"I am leaving the company for family reasons that require relocating to another region. With no option for full remote work, I have no choice but to resign. I regret not being able to continue this journey.",57,14.02,4791
0,54828,0,Production Technician I,MA,F,Married,US Citizen,No,White,Production       ,Google Search,Fully Meets,4.2,4,0,0,13,I would like to request a transfer to the IT/IS department in order to better leverage the process automation skills I have developed over the past few years. I am confident this transition would allow me to bring significant added value to the company.,,49,14.3,2579
0,64246,0,Production Technician II,MA,M ,Single,US Citizen,Yes,White,Production       ,LinkedIn,Fully Meets,5.0,3,0,0,20,,,37,12.34,2624
0,52177,1,Production Technician I,MA,F,Single,US Citizen,No,White,Production       ,CareerBuilder,Fully Meets,4.64,4,0,0,8,,It is with mixed emotions that I leave the company to begin my retirement. These years have been rich in human connections and learning experiences. I wish the entire team all the best going forward.,73,14.18,3971
0,62065,0,Production Technician I,MA,F,Married,US Citizen,No,White,Production       ,CareerBuilder,Exceeds,4.76,4,0,0,5,,,51,11.84,2586
0,46998,0,Production Technician I,MA,M ,Single,US Citizen,No,White,Production       ,Google Search,Fully Meets,4.17,4,0,0,1,"I am requesting a transfer to the Sales department. My experience in Production has given me an in-depth knowledge of our products, an asset I would like to put at the service of business development.",,42,13.59,2590
0,68099,1,Production Technician II,MA,F,Single,US Citizen,No,White,Production       ,CareerBuilder,Fully Meets,5.0,3,0,0,15,,My decision to leave is driven by a professional transition into a completely different field. I have no particular criticism of the organization. The team atmosphere was positive and the assignments were interesting.,53,15.18,4793
0,70545,0,Area Sales Manager,NH,M ,Married,US Citizen,No,American Indian or Alaska Native,Sales,Indeed,Fully Meets,3.6,5,0,0,9,I am requesting a transfer to IT/IS in order to combine my commercial skills with a technical dimension. I have developed a growing interest in CRM solutions and sales data analytics.,,37,11.58,2602
0,63478,1,Production Technician II,MA,F,Married,Non-Citizen,No,White,Production       ,Indeed,Fully Meets,3.03,5,0,0,16,,"My departure is due to a geographical move related to my spouse's professional situation. Had remote work been an option, I would have loved to continue working for the company.",42,14.58,5124
0,97999,0,Database Administrator,MA,F,Single,US Citizen,No,White,IT/IS,Indeed,Fully Meets,4.48,5,6,0,4,I would like to join the Software Engineering team to focus on the development of internal solutions. My infrastructure background would allow me to bring a valuable perspective on application architecture.,,42,10.96,2629
0,180000,0,Director of Sales,RI,F,Married,US Citizen,No,White,Sales,LinkedIn,Fully Meets,4.5,4,0,0,19,,My expectations at the time of hiring have largely been met. The role matches what was presented to me. I do regret the insufficient technological tools made available to me.,60,11.86,2611
0,49920,1,Administrative Assistant,MA,F,Married,US Citizen,No,Black or African American,Admin Offices,Indeed,Fully Meets,3.24,3,4,0,6,,I am leaving the company to launch my own venture. This decision is personal and is not related to any dissatisfaction at work. I would happily recommend the company to job seekers.,40,11.08,3988
0,55425,0,Production Technician I,MA,F,Single,US Citizen,No,White,Production       ,LinkedIn,Fully Meets,4.8,4,0,0,4,,My expectations at the time of hiring have largely been met. The role matches what was presented to me. I do regret the insufficient technological tools made available to me.,39,14.07,2625
0,69340,0,Production Technician II,MA,F,Single,US Citizen,No,White,Production       ,LinkedIn,Fully Meets,3.0,5,0,0,4,I would like to request a transfer to the IT/IS department in order to better leverage the process automation skills I have developed over the past few years. I am confident this transition would allow me to bring significant added value to the company.,,42,9.77,2614
0,64995,0,Production Technician II,MA,F,Separated,US Citizen,No,White,Production       ,Indeed,Fully Meets,4.5,3,0,0,6,I would like to request a transfer to the IT/IS department in order to better leverage the process automation skills I have developed over the past few years. I am confident this transition would allow me to bring significant added value to the company.,,33,10.78,2587
0,68182,1,Production Technician II,MA,F,Divorced,US Citizen,No,White,Production       ,Google Search,Fully Meets,3.72,3,0,0,18,,I feel my skills were underutilized throughout my employment. The assignments I was given did not match the role I was hired for. This gap generated growing frustration over time.,49,15.06,4791
0,83082,1,Production Manager,MA,M ,Married,US Citizen,No,Asian,Production       ,Indeed,Needs Improvement,2.34,2,0,3,4,,The main reason for my departure is the imbalance between professional and personal life. Expectations around unpaid overtime became unsustainable. I hope the company will take this feedback into account to improve working conditions.,49,15.06,5086
0,51908,0,Production Technician I,MA,F,Single,US Citizen,No,White,Production       ,Indeed,Fully Meets,3.99,3,0,0,14,,,35,12.57,2618
0,61242,0,Production Technician I,MA,F,Single,US Citizen,No,Black or African American,Production       ,LinkedIn,Fully Meets,4.1,3,0,0,7,,,53,13.36,2615
0,45069,0,Production Technician I,MA,F,Divorced,US Citizen,No,White,Production       ,Employee Referral,Fully Meets,4.3,5,0,0,7,,I am about 70% satisfied. Relationships with my colleagues are excellent but I struggle with a lack of clarity regarding my annual objectives. Better-defined OKRs would help me focus my efforts.,60,12.46,2579
0,60724,0,Production Technician II,MA,F,Divorced,US Citizen,No,American Indian or Alaska Native,Production       ,LinkedIn,Exceeds,4.6,4,0,0,11,,The position fits well with my skills and I enjoy a good level of autonomy. The company would benefit from implementing a more flexible remote work policy to improve employee well-being.,39,14.7,2576
0,60436,0,Production Technician I,MA,F,Separated,US Citizen,No,White,Production       ,LinkedIn,Fully Meets,5.0,5,0,0,9,,,61,12.19,2611
0,46837,1,Production Technician I,MA,M ,Married,US Citizen,No,White,Production       ,CareerBuilder,Exceeds,4.7,4,0,0,9,,"The primary reason for my departure is compensation. My salary did not keep pace with my growing responsibilities and inflation. After several unanswered raise requests, I decided to explore the market, where I quickly found better opportunities.",66,14.35,2952
0,105700,0,Database Administrator,MA,F,Married,US Citizen,No,Asian,IT/IS,Indeed,Fully Meets,3.75,3,5,0,2,,The projects I work on are interesting but I feel a lack of communication from top management regarding the company's strategy. More transparency would be appreciated.,39,11.19,2590
0,63322,0,Production Technician II,MA,F,Single,US Citizen,No,White,Production       ,LinkedIn,Exceeds,4.3,3,0,0,1,,,56,11.69,2621
0,61154,1,Production Technician I,MA,F,Married,US Citizen,No,Black or African American,Production       ,CareerBuilder,Fully Meets,4.0,4,0,0,4,,I am leaving due to a fundamental disagreement with the management direction of my team. The work environment deteriorated progressively and my feedback was not taken into account. I recommend improving the way employee voices are heard.,39,15.18,3694
0,68999,1,Sales Manager,PA,F,Single,US Citizen,No,White,Sales,Google Search,Fully Meets,4.5,5,0,0,2,,"After careful consideration, I decided to change my career path. The company provided a pleasant work environment and I am grateful to my manager for their support. I leave without any hard feelings, simply to pursue a personal project I have been passionate about for a long time.",36,14.35,4734
0,50482,0,Production Technician I,MA,M ,Single,US Citizen,No,White,Production       ,Indeed,Fully Meets,3.07,4,0,0,10,,"My satisfaction level is moderate. While the assignments are interesting, I feel a lack of regular feedback from my manager. More frequent one-on-ones would be beneficial.",50,12.46,2609
0,65310,0,Area Sales Manager,CO,M ,Single,US Citizen,No,White,Sales,Indeed,Fully Meets,4.3,5,0,0,13,,I am having a very positive professional experience. The company's values align with mine and I feel connected to our mission. I would like more internal mobility options to build a cross-functional career path.,46,12.57,2610
0,250000,0,President & CEO,MA,F,Married,US Citizen,Yes,White,Executive Office,Indeed,Fully Meets,4.83,3,0,0,10,"I would like to explore a rotation opportunity into IT/IS in order to gain an operational view of our information systems, with the goal of improving our strategic decision-making.",,71,13.7,2615
0,54005,1,Production Technician I,MA,F,Married,US Citizen,No,White,Production       ,Google Search,Fully Meets,3.6,5,0,0,16,,"I am leaving for better pay. It is unfortunate that the company was unable to align with market standards. That said, I want to highlight the great team spirit and quality of projects, which made my decision difficult.",52,14.47,4033
0,45433,1,Production Technician I,MA,F,Married,US Citizen,No,White,Production       ,Google Search,Fully Meets,3.49,4,0,0,6,,"The primary reason for my departure is compensation. My salary did not keep pace with my growing responsibilities and inflation. After several unanswered raise requests, I decided to explore the market, where I quickly found better opportunities.",55,14.47,4793
0,46654,0,Production Technician I,MA,M ,Single,US Citizen,No,Black or African American,Production       ,LinkedIn,Fully Meets,3.1,3,0,0,3,"I am requesting a transfer to the Sales department. My experience in Production has given me an in-depth knowledge of our products, an asset I would like to put at the service of business development.",,48,12.07,2595
0,63973,0,Production Technician I,MA,M ,Married,US Citizen,No,Asian,Production       ,Indeed,Fully Meets,3.38,3,0,0,17,,,46,15.18,2611
1,71339,0,Area Sales Manager,NY,M ,Single,US Citizen,Yes,Black or African American,Sales,Diversity Job Fair,Fully Meets,3.65,5,0,0,20,,I am having a very positive professional experience. The company's values align with mine and I feel connected to our mission. I would like more internal mobility options to build a cross-functional career path.,57,15.03,2615
0,93206,0,Sr. Network Engineer,MA,M ,Married,US Citizen,No,White,IT/IS,Employee Referral,Fully Meets,4.46,5,6,0,7,,The projects I work on are interesting but I feel a lack of communication from top management regarding the company's strategy. More transparency would be appreciated.,39,11.35,2625
0,82758,1,Production Manager,MA,M ,Married,US Citizen,No,White,Production       ,Employee Referral,Fully Meets,4.78,4,0,0,9,,I acknowledge that my repeated absences contributed to the termination of my contract. Personal difficulties impacted my reliability. I hope my past contributions will be remembered positively.,53,15.18,4047
0,66074,1,Production Technician II,MA,F,Divorced,US Citizen,No,Asian,Production       ,Indeed,Fully Meets,4.52,3,0,0,20,,"The external opportunity I have been offered involves full remote work, which fits my current lifestyle. Additionally, the project I will be working on is more closely aligned with my skills and ambitions.",46,13.19,4407
0,46120,0,Production Technician I,MA,M ,Married,US Citizen,No,White,Production       ,LinkedIn,Fully Meets,5.0,5,0,0,13,,I am about 70% satisfied. Relationships with my colleagues are excellent but I struggle with a lack of clarity regarding my annual objectives. Better-defined OKRs would help me focus my efforts.,39,13.68,2597
0,64520,0,Accountant I,MA,M ,Divorced,US Citizen,No,Black or African American,Admin Offices,Website,Fully Meets,5.0,4,4,0,3,,,41,12.19,2615
0,61962,1,Production Technician II,MA,M ,Married,US Citizen,No,White,Production       ,Google Search,Fully Meets,4.9,3,0,0,20,,"Compensation is the driving factor behind my departure, accounting for roughly 80% of my decision. I recommend the company conduct regular salary benchmarks to avoid losing experienced profiles like mine.",41,13.95,4772
0,81584,0,Senior BI Developer,MA,F,Single,US Citizen,No,Asian,IT/IS,Indeed,Fully Meets,4.1,5,7,0,2,I would like to join the Software Engineering team to focus on the development of internal solutions. My infrastructure background would allow me to bring a valuable perspective on application architecture.,,38,9.45,2624
0,63676,1,Production Technician I,MA,F,Single,US Citizen,No,Asian,Production       ,CareerBuilder,Fully Meets,4.88,3,0,0,17,,"After careful consideration, I decided to change my career path. The company provided a pleasant work environment and I am grateful to my manager for their support. I leave without any hard feelings, simply to pursue a personal project I have been passionate about for a long time.",47,14.47,3179
0,93046,0,Shared Services Manager,MA,M ,Married,US Citizen,No,White,Admin Offices,CareerBuilder,Fully Meets,4.1,4,0,0,20,,My expectations at the time of hiring have largely been met. The role matches what was presented to me. I do regret the insufficient technological tools made available to me.,41,10.19,2604
0,64738,0,Production Technician I,MA,M ,Married,US Citizen,No,Asian,Production       ,Google Search,Fully Meets,4.1,3,0,0,10,I would like to move into a role within IT/IS. I have built strong foundations in connected equipment maintenance on the production line and wish to deepen these skills in a dedicated role.,,43,13.84,2579
0,70468,0,Area Sales Manager,UT,M ,Separated,US Citizen,No,Black or African American,Sales,Website,Fully Meets,4.53,3,0,0,16,"Drawing on my commercial experience, I would like to join Admin Offices to contribute to strategy and operations. I believe I can bring valuable field-level insight to the management team.",,37,13.88,2603
0,77915,0,Production Manager,MA,F,Married,US Citizen,No,White,Production       ,Website,Exceeds,4.1,3,0,0,11,,"The work is stimulating and the assignments are varied. My main concern is the lack of schedule flexibility, which makes it difficult to balance professional and personal life.",44,12.46,2611
0,52624,1,Production Technician I,MA,F,Married,US Citizen,No,White,Production       ,Indeed,Fully Meets,3.18,4,0,0,16,,I am leaving due to a fundamental disagreement with the management direction of my team. The work environment deteriorated progressively and my feedback was not taken into account. I recommend improving the way employee voices are heard.,45,14.7,2936
0,63450,0,Production Technician II,MA,M ,Married,US Citizen,No,White,Production       ,LinkedIn,Fully Meets,4.0,3,0,0,7,,,47,12.69,2583
1,51777,0,IT Support,CT,F,Single,US Citizen,Yes,Black or African American,IT/IS,Diversity Job Fair,Exceeds,4.64,4,5,0,14,,,37,15.15,2607
0,67237,1,Production Technician II,MA,F,Widowed,US Citizen,No,White,Production       ,LinkedIn,Fully Meets,4.65,4,0,0,15,,"The primary reason for my departure is compensation. My salary did not keep pace with my growing responsibilities and inflation. After several unanswered raise requests, I decided to explore the market, where I quickly found better opportunities.",49,12.69,3566
0,73330,0,Production Technician II,MA,F,Single,US Citizen,No,Black or African American,Production       ,Indeed,Exceeds,4.2,4,0,0,19,,,43,12.57,2589
0,52057,0,Production Technician I,MA,F,Married,US Citizen,No,Black or African American,Production       ,Website,Fully Meets,5.0,3,0,0,6,,,50,11.08,2609
1,47434,1,Production Technician I,MA,F,Single,US Citizen,Yes,Black or African American,Production       ,Diversity Job Fair,Exceeds,5.0,4,0,0,17,,"The external opportunity I have been offered involves full remote work, which fits my current lifestyle. Additionally, the project I will be working on is more closely aligned with my skills and ambitions.",53,14.35,4060
0,52788,1,Production Technician I,MA,M ,Widowed,US Citizen,No,White,Production       ,Indeed,Fully Meets,3.08,4,0,0,18,,My decision to leave is driven by a professional transition into a completely different field. I have no particular criticism of the organization. The team atmosphere was positive and the assignments were interesting.,53,13.47,3271
0,45395,0,Production Technician I,MA,F,Single,US Citizen,No,White,Production       ,LinkedIn,Fully Meets,4.6,4,0,0,14,,,39,12.19,2575
0,62385,0,Production Technician II,MA,F,Married,US Citizen,No,White,Production       ,LinkedIn,Fully Meets,5.0,3,0,0,4,,I am having a very positive professional experience. The company's values align with mine and I feel connected to our mission. I would like more internal mobility options to build a cross-functional career path.,49,9.85,2611
0,68407,1,Production Technician II,MA,F,Married,US Citizen,No,Two or more races,Production       ,LinkedIn,Fully Meets,5.0,4,0,0,16,,"An external opportunity perfectly aligned with my career aspirations came up. I wished I could have found that path internally, but available positions did not match my profile. I hope clearer career trajectories will be defined in the future.",39,14.7,5005
0,61349,0,Production Technician I,MA,F,Married,US Citizen,No,White,Production       ,LinkedIn,Fully Meets,4.1,3,0,0,11,,The position fits well with my skills and I enjoy a good level of autonomy. The company would benefit from implementing a more flexible remote work policy to improve employee well-being.,51,12.34,2610
0,105688,0,Software Engineer,MA,F,Single,US Citizen,No,Asian,Software Engineering,Google Search,Fully Meets,4.5,5,4,0,14,,The company offers good working conditions and competitive compensation. I am less satisfied with the rigidity of certain internal processes that slow down our ability to innovate.,38,12.34,2618
0,54132,0,Production Technician I,MA,F,Married,US Citizen,No,White,Production       ,Indeed,Fully Meets,5.0,4,0,0,8,,,48,14.79,2622
0,55315,0,Production Technician II,MA,F,Single,US Citizen,No,Black or African American,Production       ,LinkedIn,Fully Meets,5.0,5,0,0,16,,I am generally happy at work. The projects are ambitious and motivating. I believe the company should invest more in continuous learning to remain competitive.,38,10.96,2594
0,62810,0,Production Technician I,MA,F,Married,US Citizen,No,Black or African American,Production       ,CareerBuilder,Fully Meets,3.93,3,0,0,20,I would like to request a transfer to the IT/IS department in order to better leverage the process automation skills I have developed over the past few years. I am confident this transition would allow me to bring significant added value to the company.,,39,13.19,2602
0,63291,0,Area Sales Manager,TX,M ,Married,US Citizen,No,Two or more races,Sales,Website,Fully Meets,3.4,4,0,0,7,,I feel valued in my role and my contributions are recognized. The work environment is healthy and collaborative. I would recommend this company as an excellent employer.,41,9.69,2603
1,62659,1,Production Technician I,MA,F,Single,US Citizen,No,Black or African American,Production       ,Diversity Job Fair,Fully Meets,4.18,4,0,0,17,,"The external opportunity I have been offered involves full remote work, which fits my current lifestyle. Additionally, the project I will be working on is more closely aligned with my skills and ambitions.",57,13.95,3692
0,55688,0,Production Technician I,MA,F,Single,US Citizen,No,White,Production       ,CareerBuilder,Fully Meets,5.0,4,0,0,10,,I am generally satisfied with my current position. The team atmosphere is excellent and my manager is attentive. I would however appreciate more training opportunities to further develop my skills.,49,10.96,2611
0,83667,0,Production Manager,MA,M ,Single,US Citizen,yes,Hispanic,Production       ,Indeed,Fully Meets,4.37,3,0,0,2,,The company offers good working conditions and competitive compensation. I am less satisfied with the rigidity of certain internal processes that slow down our ability to innovate.,44,13.58,2618
0,55800,1,Production Technician II,MA,M ,Single,US Citizen,No,White,Production       ,LinkedIn,PIP,3.0,2,0,6,6,,The main reason for my departure is the imbalance between professional and personal life. Expectations around unpaid overtime became unsustainable. I hope the company will take this feedback into account to improve working conditions.,40,14.58,4809
0,58207,0,Production Technician II,MA,M ,Married,US Citizen,No,White,Production       ,LinkedIn,Fully Meets,3.7,3,0,0,14,,,33,14.35,2624
1,157000,0,IT Manager - Infra,MA,M ,Married,Eligible NonCitizen,Yes,Black or African American,IT/IS,Diversity Job Fair,Needs Improvement,2.39,3,6,4,13,,I am generally happy at work. The projects are ambitious and motivating. I believe the company should invest more in continuous learning to remain competitive.,39,14.08,2579
0,72460,0,Production Technician II,MA,F,Single,US Citizen,No,Black or African American,Production       ,Indeed,Exceeds,4.7,3,0,0,1,,I am about 70% satisfied. Relationships with my colleagues are excellent but I struggle with a lack of clarity regarding my annual objectives. Better-defined OKRs would help me focus my efforts.,55,12.84,2618
1,72106,0,Production Technician II,MA,M ,Single,US Citizen,No,Black or African American,Production       ,Diversity Job Fair,Fully Meets,4.1,4,0,0,12,,I am about 70% satisfied. Relationships with my colleagues are excellent but I struggle with a lack of clarity regarding my annual objectives. Better-defined OKRs would help me focus my efforts.,49,14.18,2601
0,52599,0,Network Engineer,MA,F,Married,US Citizen,No,White,IT/IS,CareerBuilder,Fully Meets,3.81,3,6,0,6,I would like to express my interest in joining the Sales team as a Sales Engineer. My technical expertise would allow me to better support clients in their technology needs.,,46,11.08,2590
0,63430,0,Production Technician I,MA,F,Divorced,US Citizen,No,White,Production       ,LinkedIn,Fully Meets,4.4,4,0,0,18,,,41,12.96,2615
0,74417,0,Production Technician II,MA,M ,Separated,US Citizen,No,Black or African American,Production       ,LinkedIn,Fully Meets,4.29,5,0,0,11,"I am requesting a transfer to the Sales department. My experience in Production has given me an in-depth knowledge of our products, an asset I would like to put at the service of business development.",,51,12.84,2604
0,57575,0,Production Technician I,MA,M ,Single,US Citizen,No,Asian,Production       ,LinkedIn,Fully Meets,4.1,4,0,0,13,,The company offers good working conditions and competitive compensation. I am less satisfied with the rigidity of certain internal processes that slow down our ability to innovate.,45,12.69,2610
0,87921,0,Senior BI Developer,MA,M ,Single,US Citizen,No,Asian,IT/IS,Indeed,Fully Meets,5.0,3,6,0,17,I would like to express my interest in joining the Sales team as a Sales Engineer. My technical expertise would allow me to better support clients in their technology needs.,,55,9.09,2576
1,50470,1,Production Technician I,MA,M ,Single,US Citizen,No,Black or African American,Production       ,Diversity Job Fair,Fully Meets,4.3,3,0,0,19,,"After careful consideration, I decided to change my career path. The company provided a pleasant work environment and I am grateful to my manager for their support. I leave without any hard feelings, simply to pursue a personal project I have been passionate about for a long time.",36,14.47,4762
0,46664,1,Production Technician I,MA,M ,Married,US Citizen,No,White,Production       ,Employee Referral,Fully Meets,3.18,3,0,0,10,,"The primary reason for my departure is compensation. My salary did not keep pace with my growing responsibilities and inflation. After several unanswered raise requests, I decided to explore the market, where I quickly found better opportunities.",42,12.96,3662
0,48495,0,Production Technician I,MA,M ,Married,US Citizen,No,White,Production       ,LinkedIn,Fully Meets,5.0,5,0,0,11,,,48,11.84,2583
1,52984,0,Production Technician I,MA,F,Separated,US Citizen,No,Black or African American,Production       ,Diversity Job Fair,Exceeds,4.0,3,0,0,12,"I am requesting a transfer to the Sales department. My experience in Production has given me an in-depth knowledge of our products, an asset I would like to put at the service of business development.",,58,12.96,2588
0,63695,0,Area Sales Manager,GA,F,Single,US Citizen,No,Two or more races,Sales,Indeed,Fully Meets,5.0,5,0,0,2,,,36,12.69,2607
0,62061,0,Production Technician I,MA,F,Single,US Citizen,No,White,Production       ,LinkedIn,Fully Meets,3.6,5,0,0,4,,The projects I work on are interesting but I feel a lack of communication from top management regarding the company's strategy. More transparency would be appreciated.,41,12.69,2630
0,66738,0,Production Technician II,MA,F,Single,US Citizen,No,White,Production       ,Indeed,Fully Meets,4.53,5,0,0,5,,I am generally satisfied with my current position. The team atmosphere is excellent and my manager is attentive. I would however appreciate more training opportunities to further develop my skills.,40,11.35,2616
0,52674,1,Production Technician I,MA,F,Single,US Citizen,No,Two or more races,Production       ,LinkedIn,PIP,2.33,2,0,6,3,,"I understand the reasons that led to the end of my contract. I acknowledge not having met the set objectives, partly due to a lack of coaching and training. I would have appreciated a more structured improvement plan.",45,11.96,2929
0,71966,1,Production Technician II,MA,F,Married,US Citizen,No,Asian,Production       ,LinkedIn,Fully Meets,5.0,3,0,0,17,,The main reason for my departure is the imbalance between professional and personal life. Expectations around unpaid overtime became unsustainable. I hope the company will take this feedback into account to improve working conditions.,74,13.84,4640
0,63051,0,Area Sales Manager,FL,F,Single,US Citizen,Yes,White,Sales,Indeed,Fully Meets,4.28,3,0,0,1,"Drawing on my commercial experience, I would like to join Admin Offices to contribute to strategy and operations. I believe I can bring valuable field-level insight to the management team.",,35,12.46,2607
0,47414,0,Production Technician I,MA,M ,Married,US Citizen,No,White,Production       ,LinkedIn,Exceeds,5.0,3,0,0,13,,I am generally satisfied with my current position. The team atmosphere is excellent and my manager is attentive. I would however appreciate more training opportunities to further develop my skills.,49,12.46,2594
0,53060,0,Production Technician I,MA,M ,Single,US Citizen,No,Black or African American,Production       ,LinkedIn,Needs Improvement,4.25,3,0,4,6,,,46,12.07,2597
0,68829,0,Area Sales Manager,NC,M ,Single,US Citizen,No,White,Sales,Website,Fully Meets,5.0,5,0,0,18,"After several years in Sales, I would like to move into a Business Analyst role. I am therefore requesting integration into Admin Offices or Software Engineering depending on available opportunities.",,43,11.19,2618
0,63515,1,Production Technician I,MA,F,Married,US Citizen,No,White,Production       ,Google Search,Fully Meets,3.89,4,0,0,7,,"The external opportunity I have been offered involves full remote work, which fits my current lifestyle. Additionally, the project I will be working on is more closely aligned with my skills and ambitions.",46,15.1,4760
1,108987,1,Software Engineer,MA,M ,Single,US Citizen,No,Black or African American,Software Engineering,Diversity Job Fair,Exceeds,5.0,5,3,0,13,,"An external opportunity perfectly aligned with my career aspirations came up. I wished I could have found that path internally, but available positions did not match my profile. I hope clearer career trajectories will be defined in the future.",47,14.35,3865
0,93093,1,Data Analyst,MA,M ,Married,US Citizen,No,White,IT/IS,Employee Referral,Fully Meets,4.7,4,5,0,19,,"I understand the reasons that led to the end of my contract. I acknowledge not having met the set objectives, partly due to a lack of coaching and training. I would have appreciated a more structured improvement plan.",41,11.29,3712
0,53564,1,Production Technician I,MA,M ,Single,US Citizen,No,Black or African American,Production       ,Google Search,Needs Improvement,3.54,5,0,4,15,,I am leaving the company to launch my own venture. This decision is personal and is not related to any dissatisfaction at work. I would happily recommend the company to job seekers.,38,15.18,3266
0,60270,1,Production Technician II,MA,F,Married,US Citizen,No,Asian,Production       ,CareerBuilder,Needs Improvement,2.4,5,0,5,2,,"My departure stems from growing dissatisfaction linked to workload and lack of recognition. Despite several conversations with my manager, the situation did not improve. I believe the company should revisit its feedback and employee recognition policies.",36,14.7,4056
0,45998,1,Production Technician I,MA,F,Single,US Citizen,No,White,Production       ,LinkedIn,Fully Meets,3.45,4,0,0,5,,I am compelled to leave my position for health reasons. I thank the company for its support and understanding during this difficult period. The HR support I received was exemplary.,39,14.83,4325
0,57954,1,Production Technician II,MA,F,Married,US Citizen,No,White,Production       ,Indeed,Exceeds,4.2,5,0,0,12,,"The primary reason for my departure is compensation. My salary did not keep pace with my growing responsibilities and inflation. After several unanswered raise requests, I decided to explore the market, where I quickly found better opportunities.",39,14.83,4813
0,74669,1,Production Manager,MA,F,Married,US Citizen,No,White,Production       ,Indeed,Fully Meets,4.16,5,0,0,6,,"I received a job offer with a significantly higher salary and expanded responsibilities. Despite my attachment to the team, I could not turn down this opportunity. I regret that the internal compensation policy did not allow for a matching counter-offer.",48,15.39,4029
0,74226,0,Production Technician II,MA,F,Married,Eligible NonCitizen,No,Asian,Production       ,LinkedIn,Fully Meets,4.3,3,0,0,14,"Following my project management training, I would like to join the Admin Offices department to contribute to the optimization of internal workflows. I remain available to ensure a smooth handover for my current role.",,47,13.95,2618
0,93554,0,Data Analyst,MA,F,Married,US Citizen,No,Black or African American,IT/IS,Employee Referral,Exceeds,4.6,5,7,0,16,,The company offers good working conditions and competitive compensation. I am less satisfied with the rigidity of certain internal processes that slow down our ability to innovate.,41,11.35,2628
0,64724,1,Production Technician I,MA,M ,Married,US Citizen,No,Asian,Production       ,Google Search,Fully Meets,5.0,3,0,0,13,,"The primary reason for my departure is compensation. My salary did not keep pace with my growing responsibilities and inflation. After several unanswered raise requests, I decided to explore the market, where I quickly found better opportunities.",38,14.7,5138
0,47001,0,Production Technician I,MA,M ,Single,US Citizen,No,White,Production       ,Google Search,Fully Meets,3.66,3,0,0,15,,,44,18.36,2576
0,61844,0,Area Sales Manager,KY,F,Married,US Citizen,No,Black or African American,Sales,Website,Fully Meets,4.2,5,0,0,9,"After several years in Sales, I would like to move into a Business Analyst role. I am therefore requesting integration into Admin Offices or Software Engineering depending on available opportunities.",,37,14.18,2600
0,46799,1,Production Technician I,MA,F,Divorced,Eligible NonCitizen,No,Asian,Production       ,Google Search,Fully Meets,3.17,4,0,0,14,,"An external opportunity perfectly aligned with my career aspirations came up. I wished I could have found that path internally, but available positions did not match my profile. I hope clearer career trajectories will be defined in the future.",41,14.83,2905
0,59472,0,Production Technician I,MA,M ,Single,US Citizen,No,White,Production       ,Employee Referral,Fully Meets,4.8,3,0,0,14,,I am very engaged in my role and proud to be part of this organization. Team spirit and solidarity among colleagues are undeniable strengths. I have no plans to leave the company in the near term.,64,12.19,2625
0,46430,1,Production Technician I,MA,F,Divorced,US Citizen,No,White,Production       ,Indeed,Fully Meets,4.5,5,0,0,16,,"My departure stems from growing dissatisfaction linked to workload and lack of recognition. Despite several conversations with my manager, the situation did not improve. I believe the company should revisit its feedback and employee recognition policies.",55,13.47,4731
1,83363,1,Software Engineer,MA,M ,Married,Eligible NonCitizen,No,Black or African American,Software Engineering,Diversity Job Fair,Fully Meets,4.15,4,0,0,4,,I am leaving the company to launch my own venture. This decision is personal and is not related to any dissatisfaction at work. I would happily recommend the company to job seekers.,41,15.06,4349
0,95920,0,BI Developer,MA,F,Married,US Citizen,No,Black or African American,IT/IS,Indeed,Fully Meets,4.4,4,6,0,10,I would like to join the Software Engineering team to focus on the development of internal solutions. My infrastructure background would allow me to bring a valuable perspective on application architecture.,,45,9.45,2595
0,61729,1,Production Technician I,MA,M ,Divorced,US Citizen,No,White,Production       ,Indeed,Fully Meets,3.8,5,0,0,19,,"I am leaving for better pay. It is unfortunate that the company was unable to align with market standards. That said, I want to highlight the great team spirit and quality of projects, which made my decision difficult.",41,14.47,2962
0,61809,0,Area Sales Manager,ID,M ,Married,US Citizen,No,White,Sales,CareerBuilder,Fully Meets,3.98,3,0,0,4,,My expectations at the time of hiring have largely been met. The role matches what was presented to me. I do regret the insufficient technological tools made available to me.,71,11.84,2604
0,45115,1,Production Technician I,MA,M ,Divorced,US Citizen,Yes,White,Production       ,LinkedIn,Fully Meets,5.0,4,0,0,11,,It is with mixed emotions that I leave the company to begin my retirement. These years have been rich in human connections and learning experiences. I wish the entire team all the best going forward.,43,14.83,4004
0,46738,0,Production Technician I,MA,F,Married,US Citizen,No,Asian,Production       ,Google Search,Exceeds,4.36,5,0,0,16,,I am generally happy at work. The projects are ambitious and motivating. I believe the company should invest more in continuous learning to remain competitive.,53,14.3,2590
0,64971,1,Production Technician II,MA,F,Divorced,Eligible NonCitizen,No,Black or African American,Production       ,Google Search,Fully Meets,4.5,4,0,0,10,,My decision to leave is driven by a professional transition into a completely different field. I have no particular criticism of the organization. The team atmosphere was positive and the assignments were interesting.,44,14.47,5259
0,55578,1,Production Technician II,MA,M ,Married,US Citizen,No,White,Production       ,Indeed,Fully Meets,4.2,5,0,0,13,,"An external opportunity perfectly aligned with my career aspirations came up. I wished I could have found that path internally, but available positions did not match my profile. I hope clearer career trajectories will be defined in the future.",53,14.7,5183
0,50428,1,Production Technician I,MA,M ,Married,US Citizen,No,Black or African American,Production       ,Indeed,Fully Meets,5.0,3,0,0,11,,The attendance issues that led to my dismissal were in part connected to a work environment I found stressful. I take my share of responsibility but want to flag this context so it can be addressed.,52,15.18,4083
0,61422,1,Production Technician I,MA,F,Married,US Citizen,No,White,Production       ,Indeed,Needs Improvement,3.6,3,0,4,16,,I acknowledge that my repeated absences contributed to the termination of my contract. Personal difficulties impacted my reliability. I hope my past contributions will be remembered positively.,41,15.18,3632
0,63353,0,Production Technician I,MA,M ,Widowed,US Citizen,No,White,Production       ,Employee Referral,Exceeds,3.6,5,0,0,4,,My commitment to the company is strong. I appreciate the performance-driven and innovative company culture. I would however like better career advancement prospects in the medium term.,41,12.69,2590
0,89883,0,Data Analyst,MA,F,Married,US Citizen,No,White,IT/IS,Employee Referral,Fully Meets,3.69,5,6,0,15,,The company offers good working conditions and competitive compensation. I am less satisfied with the rigidity of certain internal processes that slow down our ability to innovate.,44,11.08,2587
0,120000,1,Principal Data Architect,MA,F,Single,US Citizen,Yes,White,IT/IS,LinkedIn,Fully Meets,3.88,3,7,0,12,,"An external opportunity perfectly aligned with my career aspirations came up. I wished I could have found that path internally, but available positions did not match my profile. I hope clearer career trajectories will be defined in the future.",52,11.19,2953
0,150290,0,Data Architect,MA,F,Single,US Citizen,No,Black or African American,IT/IS,Indeed,Fully Meets,4.94,3,5,0,17,,My expectations at the time of hiring have largely been met. The role matches what was presented to me. I do regret the insufficient technological tools made available to me.,53,9.19,2595
0,60627,0,Production Technician I,MA,F,Separated,US Citizen,No,White,Production       ,Website,Fully Meets,5.0,4,0,0,8,"I am requesting a transfer to the Sales department. My experience in Production has given me an in-depth knowledge of our products, an asset I would like to put at the service of business development.",,51,12.19,2601
0,53180,1,Production Technician I,MA,M ,Single,US Citizen,No,White,Production       ,Google Search,Fully Meets,5.0,5,0,0,4,,"The external opportunity I have been offered involves full remote work, which fits my current lifestyle. Additionally, the project I will be working on is more closely aligned with my skills and ambitions.",39,14.95,2814
0,140920,0,IT Manager - DB,MA,M ,Single,US Citizen,No,White,IT/IS,Indeed,Fully Meets,3.6,5,7,0,13,"Following my cybersecurity certification, I would like to join a team dedicated to IT security. In the absence of such a department, I am requesting to explore a role evolution within IT/IS.",,52,13.15,2583
1,148999,1,IT Manager - DB,MA,M ,Divorced,US Citizen,No,Black or African American,IT/IS,Diversity Job Fair,Fully Meets,4.3,4,6,0,8,,"After careful consideration, I decided to change my career path. The company provided a pleasant work environment and I am grateful to my manager for their support. I leave without any hard feelings, simply to pursue a personal project I have been passionate about for a long time.",62,14.18,4089
0,86214,0,Software Engineer,MA,F,Married,US Citizen,No,White,Software Engineering,Indeed,Fully Meets,4.2,3,6,0,2,,,39,13.36,2588
1,47750,0,Production Technician I,MA,F,Single,US Citizen,No,Black or African American,Production       ,Diversity Job Fair,Needs Improvement,2.6,4,0,5,4,,I am generally satisfied with my current position. The team atmosphere is excellent and my manager is attentive. I would however appreciate more training opportunities to further develop my skills.,57,9.7,2583
0,46428,1,Production Technician I,MA,M ,Single,US Citizen,No,White,Production       ,Google Search,Fully Meets,4.6,5,0,0,7,,"My departure is due to a geographical move related to my spouse's professional situation. Had remote work been an option, I would have loved to continue working for the company.",51,17.19,2961
0,57975,0,Production Technician II,MA,M ,Married,US Citizen,No,White,Production       ,CareerBuilder,Fully Meets,4.1,3,0,0,13,I would like to move into a role within IT/IS. I have built strong foundations in connected equipment maintenance on the production line and wish to deepen these skills in a dedicated role.,,39,15.54,2622
0,88527,1,Data Analyst ,MA,M ,Divorced,US Citizen,No,Black or African American,IT/IS,LinkedIn,Fully Meets,4.2,3,5,0,2,,I am leaving the company to launch my own venture. This decision is personal and is not related to any dissatisfaction at work. I would happily recommend the company to job seekers.,38,11.19,3983
0,56147,0,Production Technician I,MA,F,Married,US Citizen,No,Black or African American,Production       ,LinkedIn,Fully Meets,3.51,3,0,0,2,,,37,11.46,2583
0,50923,0,Production Technician I,MA,F,Single,US Citizen,No,Asian,Production       ,Google Search,Fully Meets,5.0,5,0,0,14,I would like to request a transfer to the IT/IS department in order to better leverage the process automation skills I have developed over the past few years. I am confident this transition would allow me to bring significant added value to the company.,,51,12.46,2595
0,50750,0,Network Engineer,MA,F,Married,US Citizen,No,White,IT/IS,LinkedIn,Fully Meets,3.31,3,6,0,7,,,44,11.46,2625
0,52087,0,Production Technician I,MA,F,Married,US Citizen,No,White,Production       ,LinkedIn,Fully Meets,4.81,4,0,0,15,,,40,12.57,2586
0,87826,0,Data Analyst,MA,M ,Married,US Citizen,Yes,White,IT/IS,Employee Referral,Fully Meets,3.32,3,7,0,16,,,56,11.19,2618
0,51920,0,Administrative Assistant,MA,F,Single,US Citizen,No,White,Admin Offices,Website,Fully Meets,5.0,3,5,0,2,,"The work is stimulating and the assignments are varied. My main concern is the lack of schedule flexibility, which makes it difficult to balance professional and personal life.",37,10.87,2617
0,63878,1,Production Technician II,MA,F,Single,US Citizen,No,White,Production       ,CareerBuilder,Fully Meets,4.68,4,0,0,20,,I am leaving the company to launch my own venture. This decision is personal and is not related to any dissatisfaction at work. I would happily recommend the company to job seekers.,38,16.39,4001
0,60656,0,Production Technician II,MA,M ,Single,US Citizen,No,White,Production       ,Indeed,Exceeds,4.3,3,0,0,4,"Following my project management training, I would like to join the Admin Offices department to contribute to the optimization of internal workflows. I remain available to ensure a smooth handover for my current role.",,62,11.46,2604
1,72992,0,Sales Manager,MA,M ,Divorced,US Citizen,No,Black or African American,Sales,Diversity Job Fair,Needs Improvement,2.4,4,0,2,16,,"My satisfaction level is moderate. While the assignments are interesting, I feel a lack of regular feedback from my manager. More frequent one-on-ones would be beneficial.",41,11.83,2616
1,55000,1,Administrative Assistant,MA,F,Married,US Citizen,No,Black or African American,Admin Offices,Diversity Job Fair,Fully Meets,3.8,4,4,0,17,,My decision to leave is driven by a professional transition into a completely different field. I have no particular criticism of the organization. The team atmosphere was positive and the assignments were interesting.,38,14.47,4596
0,58939,0,Production Technician I,MA,F,Single,US Citizen,No,White,Production       ,Employee Referral,Fully Meets,3.73,3,0,0,16,,,61,12.34,2608
0,66593,0,IT Support,MA,F,Married,US Citizen,No,Black or African American,IT/IS,LinkedIn,Fully Meets,4.3,3,5,0,19,,I feel valued in my role and my contributions are recognized. The work environment is healthy and collaborative. I would recommend this company as an excellent employer.,53,14.77,2593
0,87565,0,Sr. Network Engineer,MA,M ,Married,US Citizen,No,Asian,IT/IS,LinkedIn,Fully Meets,3.27,4,5,0,13,,I am generally happy at work. The projects are ambitious and motivating. I believe the company should invest more in continuous learning to remain competitive.,43,9.71,2618
0,64021,0,Production Technician I,MA,F,Married,US Citizen,No,White,Production       ,Indeed,PIP,2.4,2,1,6,20,,,57,14.07,2576
0,65714,0,Production Manager,MA,F,Married,US Citizen,No,White,Production       ,LinkedIn,Fully Meets,4.83,5,0,0,15,"I am requesting a transfer to the Sales department. My experience in Production has given me an in-depth knowledge of our products, an asset I would like to put at the service of business development.",,50,13.45,2587
0,62425,1,Production Technician I,MA,F,Divorced,US Citizen,No,White,Production       ,LinkedIn,Exceeds,4.1,4,0,0,16,,"My departure stems from growing dissatisfaction linked to workload and lack of recognition. Despite several conversations with my manager, the situation did not improve. I believe the company should revisit its feedback and employee recognition policies.",53,12.84,4032
0,47961,0,Production Technician I,MA,F,Divorced,US Citizen,No,Two or more races,Production       ,Google Search,Fully Meets,4.1,4,0,0,9,,,43,15.18,2594
0,58273,0,Area Sales Manager,NV,M ,Married,US Citizen,No,White,Sales,Website,PIP,1.81,2,0,3,5,,I am generally happy at work. The projects are ambitious and motivating. I believe the company should invest more in continuous learning to remain competitive.,51,11.84,2615
0,63003,0,Accountant I,MA,M ,Single,US Citizen,No,White,Admin Offices,Indeed,Fully Meets,3.9,5,5,0,9,,The projects I work on are interesting but I feel a lack of communication from top management regarding the company's strategy. More transparency would be appreciated.,39,11.46,2614
0,61355,0,Production Technician I,MA,M ,Married,US Citizen,No,Asian,Production       ,LinkedIn,Fully Meets,4.7,3,0,0,4,,"I am satisfied with my working conditions. The workload can be intense during peak periods, but the team pulls together well. Close management is a real strength of our department.",41,12.07,2621
0,60120,0,Area Sales Manager,MT,F,Married,US Citizen,No,Black or African American,Sales,Indeed,Fully Meets,4.1,4,0,0,18,I am requesting a transfer to IT/IS in order to combine my commercial skills with a technical dimension. I have developed a growing interest in CRM solutions and sales data analytics.,,36,15.47,2601
0,63682,0,Production Manager,MA,F,Married,US Citizen,No,Black or African American,Production       ,Indeed,Fully Meets,3.73,4,0,0,12,,I feel valued in my role and my contributions are recognized. The work environment is healthy and collaborative. I would recommend this company as an excellent employer.,48,17.18,2608
0,63025,0,Production Technician I,MA,M ,Married,US Citizen,Yes,White,Production       ,Google Search,Fully Meets,4.36,5,0,0,10,"After 4 years in Production, I would like to express my interest in joining the Software Engineering team. I have completed several software development courses alongside my duties and am ready to take on this new challenge.",,43,11.19,2608
0,59238,0,Production Technician I,MA,F,Single,Eligible NonCitizen,No,Asian,Production       ,Indeed,Fully Meets,3.4,5,0,0,13,I would like to move into a role within IT/IS. I have built strong foundations in connected equipment maintenance on the production line and wish to deepen these skills in a dedicated role.,,57,13.84,2601
0,92989,0,Software Engineer,MA,M ,Single,US Citizen,No,White,Software Engineering,LinkedIn,Exceeds,4.5,5,5,0,1,I would like to express my interest in an R&D position within Production. I believe my software development expertise can contribute to the automation of production lines.,,42,11.69,2583
0,90100,0,BI Developer,MA,M ,Married,US Citizen,No,White,IT/IS,Indeed,Fully Meets,3.4,3,6,0,14,I would like to join the Software Engineering team to focus on the development of internal solutions. My infrastructure background would allow me to bring a valuable perspective on application architecture.,,38,8.9,2630
1,60754,1,Production Technician I,MA,F,Married,Non-Citizen,No,Black or African American,Production       ,Diversity Job Fair,Fully Meets,4.5,5,0,0,11,,I am leaving for a management position I was unable to obtain here due to lack of availability. My manager was supportive throughout the process. The lack of upward mobility remains my main regret about my experience here.,50,16.88,5143
0,72202,1,Production Technician II,MA,F,Married,US Citizen,No,White,Production       ,Google Search,Fully Meets,3.93,3,0,0,3,,"I received a job offer with a significantly higher salary and expanded responsibilities. Despite my attachment to the team, I could not turn down this opportunity. I regret that the internal compensation policy did not allow for a matching counter-offer.",72,14.83,3254
0,58370,0,Area Sales Manager,OR,F,Single,US Citizen,No,Black or African American,Sales,Indeed,Fully Meets,3.69,3,0,0,18,,I am generally happy at work. The projects are ambitious and motivating. I believe the company should invest more in continuous learning to remain competitive.,60,11.46,2604
0,48413,1,Production Technician I,MA,F,Single,US Citizen,No,White,Production       ,Indeed,Fully Meets,3.98,4,0,0,1,,"After careful consideration, I decided to change my career path. The company provided a pleasant work environment and I am grateful to my manager for their support. I leave without any hard feelings, simply to pursue a personal project I have been passionate about for a long time.",60,14.7,3666
0,67176,1,Production Technician II,MA,M ,Widowed,US Citizen,No,White,Production       ,Other,Fully Meets,4.1,4,0,0,15,,My decision to leave is driven by a professional transition into a completely different field. I have no particular criticism of the organization. The team atmosphere was positive and the assignments were interesting.,50,18.72,5724
0,56339,0,Production Technician I,MA,F,Divorced,US Citizen,No,Black or African American,Production       ,Indeed,Fully Meets,4.21,5,0,0,4,I would like to request a transfer to the IT/IS department in order to better leverage the process automation skills I have developed over the past few years. I am confident this transition would allow me to bring significant added value to the company.,,58,13.07,2618
0,64397,0,Area Sales Manager,ND,M ,Separated,US Citizen,No,White,Sales,Indeed,Exceeds,4.1,3,0,0,6,"Drawing on my commercial experience, I would like to join Admin Offices to contribute to strategy and operations. I believe I can bring valuable field-level insight to the management team.",,58,20.18,2628
0,63025,0,Production Technician I,MA,F,Single,US Citizen,No,White,Production       ,LinkedIn,Needs Improvement,2.44,5,0,4,18,,,42,12.07,2590
0,75281,1,Network Engineer,MA,M ,Married,US Citizen,No,White,IT/IS,CareerBuilder,Fully Meets,5.0,3,5,0,11,,I am compelled to leave my position for health reasons. I thank the company for its support and understanding during this difficult period. The HR support I received was exemplary.,37,11.19,3988
1,100416,1,Software Engineer,MA,M ,Single,Non-Citizen,No,Black or African American,Software Engineering,Diversity Job Fair,Fully Meets,4.6,3,4,0,9,,My resignation is driven by personal medical constraints that prevent me from continuing in the same conditions. I have nothing but praise for the kindness and empathy shown by my team.,42,13.07,3319
0,74813,1,Production Technician II,MA,F,Single,US Citizen,No,White,Production       ,LinkedIn,Fully Meets,4.4,3,0,0,5,,The main reason for my departure is the imbalance between professional and personal life. Expectations around unpaid overtime became unsustainable. I hope the company will take this feedback into account to improve working conditions.,41,15.18,4453
0,76029,0,Network Engineer,MA,M ,Married,Eligible NonCitizen,No,White,IT/IS,Employee Referral,Fully Meets,5.0,4,7,0,8,I am requesting a transfer to Admin Offices to lead the digital transformation of administrative processes. This project is particularly important to me and aligns with my medium-term career goals.,,56,10.96,2618
0,57859,0,Area Sales Manager,AZ,F,Married,US Citizen,No,Two or more races,Sales,Indeed,Fully Meets,2.81,3,0,0,16,,,34,14.7,2615
0,58523,1,Production Technician I,MA,M ,Divorced,US Citizen,No,White,Production       ,LinkedIn,Exceeds,4.5,5,0,0,15,,I am leaving the company to launch my own venture. This decision is personal and is not related to any dissatisfaction at work. I would happily recommend the company to job seekers.,39,13.59,3696
0,88976,0,Production Manager,MA,M ,Divorced,US Citizen,No,White,Production       ,Employee Referral,Fully Meets,3.93,3,0,0,19,"I am requesting a transfer to the Sales department. My experience in Production has given me an in-depth knowledge of our products, an asset I would like to put at the service of business development.",,57,14.62,2574
0,55875,0,Area Sales Manager,ME,M ,Single,US Citizen,No,Asian,Sales,Website,Fully Meets,4.5,4,0,0,11,"Drawing on my commercial experience, I would like to join Admin Offices to contribute to strategy and operations. I believe I can bring valuable field-level insight to the management team.",,36,14.03,2614
0,113999,1,Database Administrator,MA,M ,Married,US Citizen,No,Black or African American,IT/IS,Employee Referral,Fully Meets,4.33,3,7,0,9,,I am leaving the company to launch my own venture. This decision is personal and is not related to any dissatisfaction at work. I would happily recommend the company to job seekers.,39,11.08,3316
0,49773,1,Production Technician I,MA,F,Married,US Citizen,No,White,Production       ,Google Search,Exceeds,4.3,5,0,0,18,,I am leaving the company to launch my own venture. This decision is personal and is not related to any dissatisfaction at work. I would happily recommend the company to job seekers.,39,14.47,4061
0,62068,0,Production Technician I,MA,F,Single,US Citizen,No,White,Production       ,LinkedIn,Fully Meets,3.21,3,0,0,7,"I am requesting a transfer to the Sales department. My experience in Production has given me an in-depth knowledge of our products, an asset I would like to put at the service of business development.",,40,10.7,2603
0,66541,0,Production Technician II,MA,M ,Single,US Citizen,No,Black or African American,Production       ,Employee Referral,Fully Meets,3.11,5,0,0,4,,"My satisfaction level is moderate. While the assignments are interesting, I feel a lack of regular feedback from my manager. More frequent one-on-ones would be beneficial.",50,11.58,2589
1,80512,1,Production Manager,MA,F,Married,US Citizen,No,Black or African American,Production       ,Diversity Job Fair,Fully Meets,4.5,3,0,0,5,,"The external opportunity I have been offered involves full remote work, which fits my current lifestyle. Additionally, the project I will be working on is more closely aligned with my skills and ambitions.",70,14.47,5187
0,50274,1,Production Technician I,MA,F,Single,US Citizen,No,White,Production       ,CareerBuilder,Needs Improvement,2.5,3,0,6,13,,My decision to leave is driven by a professional transition into a completely different field. I have no particular criticism of the organization. The team atmosphere was positive and the assignments were interesting.,45,13.59,4210
0,84903,0,Senior BI Developer,MA,M ,Single,US Citizen,No,Asian,IT/IS,Indeed,Fully Meets,3.42,4,7,0,17,,I am generally happy at work. The projects are ambitious and motivating. I believe the company should invest more in continuous learning to remain competitive.,44,9.08,2628
0,107226,0,Sr. Network Engineer,MA,F,Widowed,US Citizen,No,Asian,IT/IS,Employee Referral,Fully Meets,4.2,4,8,0,7,,,47,10.96,2596
0,58371,1,Production Technician I,MA,M ,Single,US Citizen,Yes,White,Production       ,LinkedIn,Fully Meets,5.0,5,0,0,11,,"After careful consideration, I decided to change my career path. The company provided a pleasant work environment and I am grateful to my manager for their support. I leave without any hard feelings, simply to pursue a personal project I have been passionate about for a long time.",38,15.18,4323
0,55140,1,Production Technician I,MA,M ,Married,Eligible NonCitizen,No,White,Production       ,Website,Fully Meets,5.0,3,0,0,7,,"My departure stems from growing dissatisfaction linked to workload and lack of recognition. Despite several conversations with my manager, the situation did not improve. I believe the company should revisit its feedback and employee recognition policies.",60,14.83,4047
0,58062,1,Production Technician I,MA,F,Divorced,US Citizen,No,White,Production       ,Google Search,Fully Meets,3.6,5,0,0,9,,"The external opportunity I have been offered involves full remote work, which fits my current lifestyle. Additionally, the project I will be working on is more closely aligned with my skills and ambitions.",42,15.18,5517
1,59728,1,Production Technician I,MA,F,Single,US Citizen,Yes,Black or African American,Production       ,Diversity Job Fair,Fully Meets,4.3,4,0,0,16,,"My departure is due to a geographical move related to my spouse's professional situation. Had remote work been an option, I would have loved to continue working for the company.",56,14.18,4305
0,70507,1,Production Technician II,MA,M ,Single,US Citizen,No,White,Production       ,LinkedIn,Exceeds,5.0,3,0,0,7,,I am retiring after many years of dedicated service. I will cherish the memories of my colleagues and the work environment. I thank the company for the opportunities I was given throughout my career.,67,13.19,3709
0,60446,0,Production Technician II,MA,F,Single,US Citizen,No,White,Production       ,LinkedIn,Fully Meets,3.4,4,0,0,14,,,40,11.46,2580
0,65893,0,Production Technician II,MA,M ,Single,US Citizen,No,White,Production       ,LinkedIn,Fully Meets,4.07,4,0,0,13,I would like to request a transfer to the IT/IS department in order to better leverage the process automation skills I have developed over the past few years. I am confident this transition would allow me to bring significant added value to the company.,,40,11.69,2573
0,48513,1,Production Technician I,MA,F,Single,US Citizen,No,Asian,Production       ,Google Search,PIP,3.2,2,0,5,4,,I am leaving for a management position I was unable to obtain here due to lack of availability. My manager was supportive throughout the process. The lack of upward mobility remains my main regret about my experience here.,43,17.53,3848
0,220450,0,CIO,MA,F,Single,US Citizen,No,White,IT/IS,Employee Referral,Exceeds,4.6,5,6,0,16,I am requesting a transfer to Admin Offices to lead the digital transformation of administrative processes. This project is particularly important to me and aligns with my medium-term career goals.,,46,15.93,2580
0,89292,0,Data Analyst,MA,F,Single,US Citizen,No,White,IT/IS,Employee Referral,Fully Meets,5.0,3,5,0,11,,,47,10.96,2600
0,45046,0,Production Technician I,MA,F,Widowed,US Citizen,No,Asian,Production       ,LinkedIn,Fully Meets,4.5,5,0,0,2,,My expectations at the time of hiring have largely been met. The role matches what was presented to me. I do regret the insufficient technological tools made available to me.,47,11.46,2602
